epoch,time,train/box_loss,train/seg_loss,train/cls_loss,train/l1_loss,train/sem_loss,metrics/precision(B),metrics/recall(B),metrics/mAP50(B),metrics/mAP50-95(B),metrics/precision(M),metrics/recall(M),metrics/mAP50(M),metrics/mAP50-95(M),val/box_loss,val/seg_loss,val/cls_loss,val/l1_loss,val/sem_loss,lr/pg0,lr/pg1,lr/pg2
1,54.4071,1.37699,1.06426,1.61359,0.00576,0.83525,0.72551,0.43243,0.54746,0.38675,0.7381,0.43243,0.5322,0.35666,1.46956,5.7252,2.09073,0.0063,0,0.0001625,0.0001625,0.0676625
2,106.742,1.19956,1.10058,1.40256,0.00551,0.75655,0.73173,0.5473,0.60162,0.443,0.73173,0.5473,0.5924,0.44764,1.181,2.97306,1.70401,0.00517,0,0.000329041,0.000329041,0.0344957
3,161.103,1.09227,0.94545,1.26946,0.0052,0.72338,0.79485,0.57593,0.67228,0.4846,0.79485,0.57593,0.67156,0.51685,1.14426,1.83184,1.53863,0.00497,0,0.000495077,0.000495077,0.00132841
4,214.802,0.99254,0.89884,1.09924,0.00463,0.85737,0.72809,0.61515,0.69371,0.49479,0.72809,0.61515,0.70057,0.51763,1.15505,1.63066,1.45596,0.00496,0,0.000498284,0.000498284,0.000498284
5,268.297,0.95752,0.90452,1.14568,0.00466,0.61115,0.78178,0.60516,0.68456,0.48987,0.78178,0.60516,0.68852,0.51465,1.16331,1.62663,1.42217,0.00505,0,0.000496953,0.000496953,0.000496953
6,321.28,0.90914,0.93206,1.2135,0.00438,0.68973,0.7457,0.59439,0.69336,0.52072,0.7457,0.59439,0.69791,0.52823,1.06968,1.62432,1.3388,0.00462,0,0.000495244,0.000495244,0.000495244
7,375.379,0.83888,0.89814,1.13249,0.00349,0.58716,0.76666,0.60135,0.69723,0.53803,0.76666,0.60135,0.70638,0.55085,1.03096,1.5521,1.29363,0.00443,0,0.000493162,0.000493162,0.000493162
8,428.242,0.80987,0.83361,1.05139,0.00382,0.54,0.83857,0.58108,0.7044,0.52132,0.83857,0.58108,0.71498,0.56681,1.09756,1.3367,1.2844,0.00465,0,0.000490708,0.000490708,0.000490708
9,480.753,0.86791,0.8488,1.12498,0.00416,0.588,0.78914,0.58784,0.70646,0.52903,0.78914,0.58784,0.71473,0.56576,1.08208,1.30869,1.31258,0.00452,0,0.000487886,0.000487886,0.000487886
10,533.469,0.84064,0.81352,1.08941,0.00397,0.54936,0.7522,0.61533,0.72544,0.56339,0.7522,0.61533,0.73465,0.57578,1.07398,1.25264,1.20688,0.00448,0,0.000484702,0.000484702,0.000484702
11,586.405,0.85607,0.85736,1.06024,0.00369,0.61651,0.77578,0.64189,0.74103,0.58019,0.77578,0.64189,0.74557,0.57664,1.02904,1.24826,1.14349,0.00425,0,0.00048116,0.00048116,0.00048116
12,638.201,0.81491,0.80091,1.05585,0.00369,0.47355,0.74482,0.63111,0.72695,0.56372,0.7965,0.62162,0.73906,0.55529,1.02876,1.20108,1.22438,0.0042,0,0.000477265,0.000477265,0.000477265
13,689.914,0.85058,0.76363,1.09436,0.00477,0.48597,0.74287,0.62467,0.71677,0.56557,0.7505,0.63006,0.7262,0.54961,1.00217,1.26156,1.26391,0.00413,0,0.000473024,0.000473024,0.000473024
14,741.991,0.7827,0.81372,0.97417,0.00305,0.51495,0.7236,0.63514,0.72733,0.57434,0.73594,0.64189,0.73987,0.56216,0.92927,1.22908,1.1988,0.00387,0,0.000468443,0.000468443,0.000468443
15,794.208,0.69505,0.7506,0.9557,0.00321,0.49987,0.79324,0.59623,0.7355,0.59388,0.76281,0.63514,0.74379,0.5881,0.88018,1.12935,1.16966,0.00369,0,0.000463528,0.000463528,0.000463528
16,846.38,0.65236,0.75441,0.9274,0.0031,0.41205,0.83011,0.6603,0.7646,0.61743,0.83011,0.6603,0.77708,0.63201,0.86672,1.07733,1.08431,0.00344,0,0.000458289,0.000458289,0.000458289
17,899.156,0.6757,0.75506,0.96841,0.00283,0.45881,0.8294,0.65699,0.77463,0.63068,0.8294,0.65699,0.78686,0.64954,0.86728,1.07806,1.04829,0.0034,0,0.000452732,0.000452732,0.000452732
18,951.102,0.64737,0.69761,0.88281,0.00322,0.54078,0.79536,0.68919,0.78341,0.64148,0.79536,0.68919,0.79373,0.65469,0.83862,1.0377,1.02433,0.00327,0,0.000446866,0.000446866,0.000446866
19,1002.92,0.66219,0.6986,0.84928,0.00304,0.42259,0.80715,0.67873,0.7914,0.65852,0.80715,0.67873,0.8031,0.66089,0.80252,1.04002,1.00905,0.0031,0,0.0004407,0.0004407,0.0004407
20,1055.09,0.65826,0.69549,0.83764,0.00311,0.42542,0.8293,0.66892,0.80183,0.66963,0.75503,0.70946,0.81342,0.65392,0.78857,1.01136,0.98049,0.00306,0,0.000434245,0.000434245,0.000434245
21,1109.49,0.62183,0.69869,0.88139,0.00307,0.4131,0.80487,0.71622,0.80688,0.66793,0.79659,0.72297,0.81736,0.65023,0.79818,1.01545,0.94901,0.0031,0,0.000427509,0.000427509,0.000427509
22,1162.31,0.63533,0.68493,0.84686,0.00287,0.40629,0.77703,0.72973,0.80672,0.66938,0.78086,0.73649,0.81644,0.64422,0.79919,1.01992,0.93135,0.0031,0,0.000420503,0.000420503,0.000420503
23,1214.33,0.68007,0.7013,0.87891,0.0033,0.60779,0.79964,0.72297,0.81254,0.67798,0.79599,0.73649,0.82431,0.64922,0.78131,1.04208,0.89335,0.00308,0,0.000413238,0.000413238,0.000413238
24,1265.82,0.62156,0.67496,0.85513,0.00271,0.44794,0.78777,0.72297,0.8139,0.68506,0.79665,0.74324,0.82742,0.6608,0.76364,1.02807,0.88435,0.00297,0,0.000405726,0.000405726,0.000405726
25,1317.12,0.60897,0.62474,0.80496,0.0028,0.41864,0.79248,0.72249,0.81961,0.68736,0.79194,0.74585,0.83412,0.6725,0.78499,1.02076,0.87522,0.00301,0,0.000397977,0.000397977,0.000397977
26,1368.94,0.57804,0.63583,0.81551,0.00258,0.46933,0.82955,0.69595,0.81657,0.67284,0.80436,0.72228,0.82828,0.66997,0.81977,0.98978,0.93111,0.00309,0,0.000390004,0.000390004,0.000390004
27,1421.03,0.63136,0.68098,0.83784,0.00253,0.42769,0.84529,0.69595,0.8242,0.67584,0.793,0.7248,0.83432,0.68077,0.82975,0.96271,0.90174,0.00309,0,0.000381818,0.000381818,0.000381818
28,1472.98,0.5911,0.67178,0.79068,0.00336,0.32266,0.84297,0.72546,0.82316,0.6795,0.8246,0.73649,0.83223,0.67905,0.78852,0.93341,0.91951,0.00299,0,0.000373434,0.000373434,0.000373434
29,1524.89,0.59655,0.66101,0.84511,0.00339,0.33519,0.86641,0.7027,0.82374,0.67548,0.85348,0.71622,0.82772,0.67276,0.79529,0.94004,0.93921,0.00305,0,0.000364863,0.000364863,0.000364863
30,1576.41,0.55873,0.58379,0.76419,0.0026,0.32803,0.85965,0.70356,0.81922,0.6742,0.85373,0.70989,0.82729,0.67331,0.82654,0.97299,0.88899,0.00332,0,0.000356118,0.000356118,0.000356118
31,1628.66,0.60672,0.64702,0.76923,0.00243,0.34952,0.85014,0.71622,0.81833,0.67321,0.843,0.72563,0.83031,0.66878,0.81817,0.96785,0.89439,0.00327,0,0.000347214,0.000347214,0.000347214
32,1680.72,0.59671,0.61002,0.71258,0.00278,0.35455,0.88279,0.71248,0.82404,0.67498,0.88279,0.71248,0.83688,0.66547,0.81677,0.96279,0.91924,0.00315,0,0.000338164,0.000338164,0.000338164
33,1732.81,0.61508,0.64031,0.81674,0.00361,0.34427,0.87394,0.72297,0.82127,0.67459,0.87198,0.72297,0.83335,0.66284,0.80081,0.95874,0.92758,0.00308,0,0.000328982,0.000328982,0.000328982
34,1783.87,0.58938,0.64353,0.7811,0.00242,0.34227,0.85836,0.71622,0.82674,0.68181,0.80704,0.76302,0.83771,0.66323,0.77509,0.98085,0.90048,0.00303,0,0.000319682,0.000319682,0.000319682
35,1835.55,0.53028,0.62282,0.67776,0.00235,0.31048,0.86413,0.71622,0.82703,0.68658,0.81181,0.75,0.8393,0.66867,0.76144,0.97129,0.87874,0.00298,0,0.000310278,0.000310278,0.000310278
36,1887.09,0.5512,0.62172,0.73194,0.00224,0.35636,0.8038,0.77509,0.83641,0.70407,0.81081,0.78185,0.85022,0.68064,0.73869,0.97688,0.84847,0.00288,0,0.000300785,0.000300785,0.000300785
37,1939.24,0.57104,0.60594,0.69261,0.00213,0.31869,0.80676,0.78986,0.83836,0.71036,0.81366,0.79662,0.85332,0.682,0.7215,0.98752,0.8338,0.00281,0,0.000291218,0.000291218,0.000291218
38,1992.14,0.60178,0.68053,0.73584,0.00246,0.3587,0.79961,0.80886,0.84187,0.71151,0.80629,0.81561,0.85682,0.6802,0.70585,0.99862,0.83298,0.00276,0,0.000281591,0.000281591,0.000281591
39,2044.15,0.56948,0.61591,0.70829,0.0025,0.32814,0.79959,0.80872,0.84302,0.71447,0.80586,0.81335,0.85789,0.67915,0.70387,1.00418,0.80617,0.00274,0,0.000271919,0.000271919,0.000271919
40,2099.15,0.56605,0.61976,0.70097,0.00241,0.30577,0.81184,0.7973,0.84438,0.71653,0.81966,0.80405,0.85914,0.68487,0.70584,1.01266,0.81149,0.00275,0,0.000262217,0.000262217,0.000262217
41,2152.25,0.56677,0.60339,0.67248,0.00225,0.32985,0.82963,0.78965,0.84582,0.71786,0.83673,0.79641,0.86027,0.67881,0.70803,0.99662,0.81317,0.00278,0,0.0002525,0.0002525,0.0002525
42,2204.56,0.59765,0.60066,0.70823,0.00313,0.45431,0.83028,0.79331,0.8477,0.7163,0.83735,0.80007,0.86111,0.68732,0.70057,0.98266,0.80165,0.00274,0,0.000242783,0.000242783,0.000242783
43,2256.97,0.56163,0.58716,0.68484,0.00241,0.322,0.82365,0.78897,0.84488,0.71872,0.83067,0.7955,0.85808,0.67529,0.69448,0.95413,0.80413,0.00273,0,0.000233081,0.000233081,0.000233081
44,2309.24,0.54022,0.61352,0.66716,0.00255,0.29841,0.81162,0.78602,0.84689,0.71774,0.8186,0.79277,0.85975,0.68253,0.69237,0.94736,0.79081,0.00269,0,0.000223409,0.000223409,0.000223409
45,2361.47,0.52613,0.58042,0.66553,0.00266,0.26036,0.81339,0.79517,0.84462,0.71891,0.8203,0.80193,0.85677,0.68226,0.69631,0.9518,0.79786,0.00271,0,0.000213782,0.000213782,0.000213782
46,2414.06,0.5708,0.60558,0.66287,0.00202,0.31409,0.81774,0.7973,0.84557,0.72285,0.82427,0.80405,0.85811,0.68578,0.70071,0.95486,0.79976,0.00273,0,0.000204215,0.000204215,0.000204215
47,2466.26,0.52457,0.59502,0.67636,0.00234,0.30429,0.82966,0.7973,0.84447,0.71358,0.83488,0.80405,0.8598,0.67556,0.71484,0.94049,0.80697,0.00273,0,0.000194722,0.000194722,0.000194722
48,2519.08,0.56656,0.63295,0.67922,0.00239,0.3276,0.82739,0.77732,0.84475,0.72033,0.83458,0.78407,0.86082,0.6875,0.7083,0.94756,0.80134,0.00276,0,0.000185318,0.000185318,0.000185318
49,2570.93,0.55468,0.57681,0.68904,0.00302,0.29091,0.85145,0.77456,0.84718,0.71983,0.8585,0.78378,0.86225,0.67957,0.70436,0.93929,0.79486,0.00273,0,0.000176018,0.000176018,0.000176018
50,2621.9,0.52647,0.58131,0.62771,0.00226,0.31362,0.82197,0.77989,0.85011,0.72478,0.82909,0.78665,0.8634,0.68765,0.70102,0.92193,0.78311,0.00272,0,0.000166836,0.000166836,0.000166836
51,2674.04,0.5154,0.56668,0.60608,0.00209,0.32025,0.83958,0.75,0.8473,0.72302,0.82075,0.77343,0.86178,0.68162,0.68734,0.9208,0.79185,0.00267,0,0.000157786,0.000157786,0.000157786
52,2726.92,0.52457,0.56742,0.63336,0.00214,0.29261,0.84625,0.74378,0.84499,0.71666,0.8396,0.75676,0.85972,0.67751,0.69446,0.90668,0.79853,0.00271,0,0.000148882,0.000148882,0.000148882
53,2778.88,0.50697,0.59923,0.60591,0.00231,0.27281,0.85494,0.74324,0.84523,0.71585,0.86043,0.7498,0.85971,0.68212,0.6834,0.87922,0.80675,0.00267,0,0.000140137,0.000140137,0.000140137
54,2831.15,0.51039,0.60426,0.62148,0.00239,0.30203,0.80704,0.763,0.84245,0.71125,0.8137,0.76729,0.85883,0.67881,0.70811,0.86646,0.80158,0.00277,0,0.000131566,0.000131566,0.000131566
55,2884.17,0.52275,0.57188,0.66041,0.00236,0.27646,0.8051,0.75676,0.83734,0.70664,0.81229,0.76351,0.85377,0.67174,0.71676,0.86982,0.80414,0.00279,0,0.000123182,0.000123182,0.000123182
56,2934.36,0.50163,0.57765,0.59779,0.00193,0.32515,0.79269,0.77703,0.84087,0.70603,0.79959,0.78378,0.85493,0.67189,0.73484,0.87616,0.80375,0.00291,0,0.000114996,0.000114996,0.000114996
57,2978.2,0.53296,0.63666,0.63326,0.00218,0.26568,0.79714,0.77703,0.8408,0.70894,0.80407,0.78378,0.85484,0.67154,0.72716,0.85793,0.84253,0.00281,0,0.000107023,0.000107023,0.000107023
58,3023.77,0.54193,0.61456,0.66413,0.00212,0.28824,0.84982,0.71622,0.84171,0.70997,0.82369,0.75,0.85546,0.67337,0.72352,0.86515,0.85893,0.00281,0,9.92742e-05,9.92742e-05,9.92742e-05
59,3067.8,0.47847,0.52482,0.60662,0.00234,0.312,0.79322,0.75676,0.83961,0.70646,0.80031,0.76351,0.85469,0.67285,0.72362,0.86073,0.85666,0.0028,0,9.17616e-05,9.17616e-05,9.17616e-05
60,3111.86,0.51298,0.62518,0.61269,0.00236,0.28616,0.78631,0.77027,0.83916,0.70782,0.79052,0.79046,0.85592,0.67297,0.72157,0.88344,0.80043,0.0028,0,8.44968e-05,8.44968e-05,8.44968e-05
61,3156.69,0.49377,0.5973,0.59877,0.00225,0.28364,0.77158,0.77703,0.83759,0.71055,0.77,0.79174,0.85506,0.67554,0.71934,0.87847,0.80109,0.00281,0,7.74911e-05,7.74911e-05,7.74911e-05
62,3201.3,0.48026,0.55391,0.61218,0.00218,0.24637,0.85005,0.72973,0.83903,0.70975,0.82219,0.73649,0.85488,0.67877,0.69483,0.86342,0.84937,0.00264,0,7.07552e-05,7.07552e-05,7.07552e-05
63,3248.22,0.5397,0.58481,0.65787,0.00217,0.28233,0.8612,0.71272,0.83883,0.70787,0.77539,0.78378,0.85511,0.68558,0.71867,0.86,0.79605,0.00282,0,6.42995e-05,6.42995e-05,6.42995e-05
64,3292.84,0.48307,0.53482,0.60633,0.00213,0.27282,0.8562,0.70946,0.83687,0.71118,0.85406,0.70946,0.8538,0.68043,0.69098,0.85698,0.8396,0.00264,0,5.81341e-05,5.81341e-05,5.81341e-05
65,3338.86,0.49265,0.57541,0.58671,0.00196,0.26476,0.85773,0.7027,0.83796,0.70972,0.82029,0.7402,0.85358,0.67965,0.70071,0.8646,0.80109,0.00274,0,5.22683e-05,5.22683e-05,5.22683e-05
66,3392.31,0.52451,0.57798,0.62912,0.00216,0.25941,0.86752,0.7027,0.83698,0.71226,0.83248,0.74324,0.85359,0.68508,0.6738,0.8492,0.84475,0.00255,0,4.67113e-05,4.67113e-05,4.67113e-05
67,3450.61,0.46483,0.51209,0.54596,0.00231,0.23376,0.87393,0.70259,0.83731,0.71112,0.85142,0.70946,0.85309,0.67926,0.6775,0.84925,0.83938,0.00258,0,4.14716e-05,4.14716e-05,4.14716e-05
68,3506.2,0.4842,0.53887,0.59011,0.00209,0.27067,0.83594,0.72297,0.83828,0.71269,0.82635,0.73649,0.8529,0.68238,0.68212,0.84507,0.83042,0.00259,0,3.65572e-05,3.65572e-05,3.65572e-05
69,3556.18,0.50829,0.5594,0.60888,0.00208,0.29224,0.87593,0.69595,0.83982,0.71343,0.84075,0.74913,0.85546,0.68202,0.68472,0.85307,0.77864,0.00266,0,3.19759e-05,3.19759e-05,3.19759e-05
70,3605.13,0.52312,0.59642,0.65614,0.00215,0.26278,0.82667,0.74118,0.83686,0.71302,0.81987,0.75676,0.85344,0.68014,0.69339,0.86194,0.78177,0.00271,0,2.77346e-05,2.77346e-05,2.77346e-05
