left,right,phash_distance
20260729_092400.jpg,20260729_092403.jpg,6
20260729_092436(0).jpg,20260729_092436.jpg,6
20260729_092436(0).jpg,20260729_092437.jpg,6
20260729_092437.jpg,20260729_092438.jpg,6
20260729_092448(0).jpg,20260729_092448.jpg,6
20260729_092448(0).jpg,20260729_092449.jpg,6
20260729_092508.jpg,20260729_092509.jpg,4
20260729_092642.jpg,20260729_092643.jpg,6
20260729_095132.jpg,20260729_095133.jpg,6
20260729_095136(0).jpg,20260729_095136(1).jpg,6
20260729_095136(0).jpg,20260729_095136.jpg,4
20260729_095137(0).jpg,20260729_095137.jpg,6
20260729_095137(0).jpg,20260729_095138.jpg,4
20260729_095138(0).jpg,20260729_095138(1).jpg,4
20260729_095138(0).jpg,20260729_095138.jpg,6
20260729_095138(1).jpg,20260729_095139.jpg,4
20260729_095139(0).jpg,20260729_095139.jpg,6
20260729_095140(0).jpg,20260729_095140.jpg,2
20260729_095140(0).jpg,20260729_095141(0).jpg,6
20260729_095140.jpg,20260729_095141(0).jpg,4
20260729_095144(0).jpg,20260729_095144.jpg,4
20260729_095144(0).jpg,20260729_095145(0).jpg,6
20260729_095144(0).jpg,20260729_095145.jpg,2
20260729_095144.jpg,20260729_095145.jpg,6
20260729_095145(0).jpg,20260729_095145.jpg,4
20260729_095158(0).jpg,20260729_095158.jpg,4
20260729_095159.jpg,20260729_095200.jpg,2
20260729_095202.jpg,20260729_095203.jpg,6
20260729_095203.jpg,20260729_095205.jpg,2
20260729_095204.jpg,20260729_095206.jpg,6
20260729_095205.jpg,20260729_095206.jpg,6
20260729_095206(0).jpg,20260729_095206.jpg,4
20260729_095206(0).jpg,20260729_095207.jpg,4
20260729_095206.jpg,20260729_095207.jpg,6
20260729_095207.jpg,20260729_095208.jpg,4
20260729_095208(0).jpg,20260729_095208.jpg,6
20260729_095313(0).jpg,20260729_095314.jpg,6
20260729_095319(0).jpg,20260729_095319(1).jpg,6
20260729_095319(0).jpg,20260729_095319.jpg,2
20260729_095335(0).jpg,20260729_095335.jpg,6
20260729_095336(0).jpg,20260729_095337.jpg,6
20260729_095354.jpg,20260729_095355.jpg,4
20260729_095506(0).jpg,20260729_095508.jpg,6
20260729_095506.jpg,20260729_095508.jpg,6
20260729_095509(0).jpg,20260729_095510.jpg,6
20260729_095509(0).jpg,20260729_095511.jpg,6
20260729_095510.jpg,20260729_095511.jpg,4
20260729_095512(0).jpg,20260729_095513.jpg,6
20260729_095513(0).jpg,20260729_095513.jpg,6
20260729_095516(0).jpg,20260729_095517.jpg,4
20260729_095516(0).jpg,20260729_095518(0).jpg,6
20260729_095516(0).jpg,20260729_095518.jpg,6
20260729_095517(0).jpg,20260729_095517.jpg,4
20260729_095517(0).jpg,20260729_095518(0).jpg,2
20260729_095517(0).jpg,20260729_095518.jpg,4
20260729_095517.jpg,20260729_095518(0).jpg,4
20260729_095517.jpg,20260729_095518.jpg,4
20260729_095518(0).jpg,20260729_095518.jpg,4
20260729_095521(0).jpg,20260729_095521.jpg,4
20260729_095521(0).jpg,20260729_095522(0).jpg,6
20260729_095521(0).jpg,20260729_095523.jpg,6
20260729_095521.jpg,20260729_095522(0).jpg,6
20260729_095522(0).jpg,20260729_095523.jpg,6
20260729_095525(0).jpg,20260729_095525.jpg,6
20260729_095525(0).jpg,20260729_095526(0).jpg,4
20260729_095525(0).jpg,20260729_095526.jpg,6
20260729_095525.jpg,20260729_095526(0).jpg,6
20260729_095526(0).jpg,20260729_095526.jpg,6
20260729_095527.jpg,20260729_095528(0).jpg,2
20260729_095527.jpg,20260729_095528(1).jpg,4
20260729_095527.jpg,20260729_095528.jpg,2
20260729_095527.jpg,20260729_095529.jpg,6
20260729_095528(0).jpg,20260729_095528(1).jpg,2
20260729_095528(0).jpg,20260729_095528.jpg,2
20260729_095528(0).jpg,20260729_095529.jpg,4
20260729_095528(1).jpg,20260729_095528.jpg,2
20260729_095528(1).jpg,20260729_095529.jpg,4
20260729_095528.jpg,20260729_095529.jpg,4
20260729_095529(0).jpg,20260729_095530.jpg,6
20260729_095530(0).jpg,20260729_095530(1).jpg,2
20260729_095530(0).jpg,20260729_095530.jpg,6
20260729_095530(0).jpg,20260729_095531(0).jpg,4
20260729_095530(0).jpg,20260729_095531(1).jpg,6
20260729_095530(0).jpg,20260729_095531.jpg,4
20260729_095530(1).jpg,20260729_095531(0).jpg,2
20260729_095530(1).jpg,20260729_095531(1).jpg,4
20260729_095530(1).jpg,20260729_095531.jpg,2
20260729_095531(0).jpg,20260729_095531(1).jpg,2
20260729_095531(0).jpg,20260729_095531.jpg,2
20260729_095531(1).jpg,20260729_095531.jpg,4
20260729_095533(0).jpg,20260729_095533.jpg,6
20260729_095533(0).jpg,20260729_095534.jpg,6
20260729_095535(0).jpg,20260729_095535.jpg,2
20260729_095543(0).jpg,20260729_095544.jpg,4
20260729_095543.jpg,20260729_095544.jpg,6
20260729_095550.jpg,20260729_095552.jpg,4
20260729_095602(0).jpg,20260729_095602.jpg,4
20260729_095636.jpg,20260729_095637.jpg,6
20260729_095636.jpg,20260729_095638.jpg,6
20260729_095637.jpg,20260729_095638.jpg,6
20260729_095642(0).jpg,20260729_095642.jpg,6
20260729_095642(0).jpg,20260729_095643.jpg,4
20260729_095642(0).jpg,20260729_095644.jpg,4
20260729_095643.jpg,20260729_095644.jpg,6
20260729_095845(0).jpg,20260729_095845(1).jpg,4
20260729_095845(0).jpg,20260729_095845.jpg,4
20260729_095845(1).jpg,20260729_095845.jpg,0
20260729_095845(1).jpg,20260729_095846.jpg,4
20260729_095845.jpg,20260729_095846.jpg,4
20260729_095846(0).jpg,20260729_095846.jpg,6
20260729_102154.jpg,20260729_102155.jpg,6
20260729_102159(0).jpg,20260729_102200.jpg,2
20260729_102229(0).jpg,20260729_102229.jpg,6
20260729_102230(0).jpg,20260729_102230.jpg,6
20260729_102253.jpg,20260729_102254.jpg,2
20260729_102257.jpg,20260729_102258.jpg,4
20260729_102301.jpg,20260729_102302.jpg,4
20260729_102444(0).jpg,20260729_102444.jpg,6
20260729_102454.jpg,20260729_102456.jpg,6
20260729_102456.jpg,20260729_102457.jpg,4
20260729_102507.jpg,20260729_102508.jpg,6
20260729_102801(0).jpg,20260729_102801.jpg,6
20260729_102803.jpg,20260729_102804.jpg,4
20260729_102804(0).jpg,20260729_102805.jpg,6
20260729_102807(0).jpg,20260729_102807.jpg,6
20260729_102807(0).jpg,20260729_102808.jpg,4
20260729_102825(0).jpg,20260729_102826(0).jpg,6
20260729_102825(0).jpg,20260729_102826.jpg,4
20260729_102825(0).jpg,20260729_102827.jpg,2
20260729_102825(0).jpg,20260729_102828(0).jpg,6
20260729_102825(0).jpg,20260729_102829.jpg,6
20260729_102826(0).jpg,20260729_102827.jpg,4
20260729_102826(0).jpg,20260729_102829.jpg,6
20260729_102826.jpg,20260729_102827.jpg,6
20260729_102826.jpg,20260729_102828(0).jpg,4
20260729_102826.jpg,20260729_102829.jpg,6
20260729_102827(0).jpg,20260729_102828.jpg,0
20260729_102827.jpg,20260729_102829.jpg,4
20260729_102828(0).jpg,20260729_102829.jpg,6
20260729_102829(0).jpg,20260729_102829.jpg,6
20260729_102829(0).jpg,20260729_102830.jpg,4
20260729_102831.jpg,20260729_102832.jpg,0
20260729_102835(0).jpg,20260729_102835.jpg,4
20260729_102835(0).jpg,20260729_102836.jpg,2
20260729_102835.jpg,20260729_102836.jpg,6
20260729_102836(0).jpg,20260729_102837.jpg,4
20260729_102836(0).jpg,20260729_102838.jpg,6
20260729_102837.jpg,20260729_102838.jpg,6
20260729_102851(0).jpg,20260729_102851.jpg,2
20260729_102852(0).jpg,20260729_102853.jpg,6
20260729_102855(0).jpg,20260729_102855.jpg,0
20260729_102856.jpg,20260729_102857(0).jpg,6
20260729_102857(0).jpg,20260729_102857.jpg,6
20260729_102859(0).jpg,20260729_102859.jpg,0
20260729_102859(0).jpg,20260729_102900.jpg,2
20260729_102859.jpg,20260729_102900.jpg,2
20260729_102901.jpg,20260729_102906(2).jpg,4
20260729_102901.jpg,20260729_102907(0).jpg,6
20260729_102901.jpg,20260729_102907.jpg,4
20260729_102902(1).jpg,20260729_102903.jpg,0
20260729_102902.jpg,20260729_102906(2).jpg,6
20260729_102902.jpg,20260729_102907(0).jpg,6
20260729_102902.jpg,20260729_102907.jpg,6
20260729_102902.jpg,20260729_102908.jpg,4
20260729_102903(0).jpg,20260729_102903(1).jpg,2
20260729_102903(0).jpg,20260729_102904(0).jpg,6
20260729_102903(0).jpg,20260729_102904.jpg,4
20260729_102903(1).jpg,20260729_102904(0).jpg,4
20260729_102903(1).jpg,20260729_102904(1).jpg,6
20260729_102903(1).jpg,20260729_102904(2).jpg,6
20260729_102903(1).jpg,20260729_102904.jpg,2
20260729_102904(0).jpg,20260729_102904(1).jpg,2
20260729_102904(0).jpg,20260729_102904(2).jpg,2
20260729_102904(0).jpg,20260729_102904.jpg,2
20260729_102904(0).jpg,20260729_102905.jpg,4
20260729_102904(1).jpg,20260729_102904(2).jpg,0
20260729_102904(1).jpg,20260729_102904.jpg,4
20260729_102904(1).jpg,20260729_102905(0).jpg,6
20260729_102904(1).jpg,20260729_102905.jpg,4
20260729_102904(2).jpg,20260729_102904.jpg,4
20260729_102904(2).jpg,20260729_102905(0).jpg,6
20260729_102904(2).jpg,20260729_102905.jpg,4
20260729_102904.jpg,20260729_102905.jpg,6
20260729_102905(0).jpg,20260729_102905(1).jpg,2
20260729_102905(0).jpg,20260729_102905.jpg,6
20260729_102905(0).jpg,20260729_102906.jpg,6
20260729_102905(1).jpg,20260729_102906.jpg,4
20260729_102906(2).jpg,20260729_102907(0).jpg,4
20260729_102906(2).jpg,20260729_102907(1).jpg,6
20260729_102906(2).jpg,20260729_102907.jpg,2
20260729_102906(2).jpg,20260729_102908.jpg,6
20260729_102907(0).jpg,20260729_102907(1).jpg,4
20260729_102907(0).jpg,20260729_102907.jpg,2
20260729_102907(0).jpg,20260729_102908.jpg,4
20260729_102907(1).jpg,20260729_102907.jpg,4
20260729_102907(1).jpg,20260729_102908(0).jpg,4
20260729_102907(1).jpg,20260729_102908.jpg,4
20260729_102907.jpg,20260729_102908.jpg,4
20260729_102908(0).jpg,20260729_102908(1).jpg,6
20260729_102908(0).jpg,20260729_102908.jpg,4
20260729_102911.jpg,20260729_102912.jpg,2
20260729_102912(0).jpg,20260729_102913(0).jpg,6
20260729_102912(0).jpg,20260729_102913.jpg,4
20260729_102912(0).jpg,20260729_102914.jpg,6
20260729_102913(0).jpg,20260729_102913.jpg,2
20260729_102913(0).jpg,20260729_102914(0).jpg,4
20260729_102913(0).jpg,20260729_102914.jpg,2
20260729_102913.jpg,20260729_102914(0).jpg,6
20260729_102913.jpg,20260729_102914.jpg,4
20260729_102914(0).jpg,20260729_102914.jpg,2
20260729_103527.jpg,20260729_103528.jpg,6
20260729_103531(0).jpg,20260729_103531.jpg,2
20260729_103532.jpg,20260729_103533.jpg,2
20260729_103535(0).jpg,20260729_103535.jpg,2
20260729_103536(0).jpg,20260729_103536.jpg,2
20260729_103536(0).jpg,20260729_103537(0).jpg,6
20260729_103536(0).jpg,20260729_103537.jpg,0
20260729_103536.jpg,20260729_103537.jpg,2
20260729_103537(0).jpg,20260729_103537.jpg,6
20260729_103542.jpg,20260729_103543.jpg,6
20260729_103542.jpg,20260729_103544.jpg,6
20260729_103543.jpg,20260729_103544.jpg,0
20260729_103548(0).jpg,20260729_103548.jpg,4
20260729_103548(0).jpg,20260729_103549.jpg,4
20260729_103548.jpg,20260729_103549.jpg,6
20260729_103551(0).jpg,20260729_103551.jpg,2
20260729_103551(0).jpg,20260729_103552.jpg,4
20260729_103551.jpg,20260729_103552.jpg,2
20260729_103601.jpg,20260729_103602(0).jpg,2
20260729_103601.jpg,20260729_103602.jpg,2
20260729_103602(0).jpg,20260729_103602.jpg,0
20260729_103735.jpg,20260729_103736.jpg,0
20260729_103748(0).jpg,20260729_103748.jpg,6
20260729_103749.jpg,20260729_103750.jpg,6
20260729_103750(0).jpg,20260729_103750.jpg,4
20260729_103754(0).jpg,20260729_103754.jpg,6
20260729_103755(1).jpg,20260729_103756.jpg,2
20260729_103759(0).jpg,20260729_103800.jpg,6
20260729_103801(0).jpg,20260729_103801(1).jpg,4
20260729_103805(0).jpg,20260729_103805.jpg,2
20260729_103836.jpg,20260729_103837.jpg,6
20260729_103849.jpg,20260729_103850.jpg,4
20260729_103852(0).jpg,20260729_103852.jpg,6
20260729_103853.jpg,20260729_103854.jpg,4
20260729_103854.jpg,20260729_103855.jpg,6
20260729_103857.jpg,20260729_103858.jpg,4
20260729_103858(0).jpg,20260729_103859.jpg,4
20260729_103858(0).jpg,20260729_103900.jpg,6
20260729_103859.jpg,20260729_103900.jpg,4
20260729_103900.jpg,20260729_103901.jpg,6
20260729_103907(0).jpg,20260729_103908.jpg,6
20260729_103907(0).jpg,20260729_103910.jpg,6
20260729_103908.jpg,20260729_103909(0).jpg,4
20260729_103908.jpg,20260729_103909.jpg,4
20260729_103909(0).jpg,20260729_103909.jpg,6
20260729_103909(0).jpg,20260729_103910.jpg,6
20260729_103918(0).jpg,20260729_103918.jpg,2
20260729_103924.jpg,20260729_103925.jpg,4
20260729_103925(0).jpg,20260729_103926.jpg,4
20260729_103925(0).jpg,20260729_103927(0).jpg,4
20260729_103925(0).jpg,20260729_103928.jpg,4
20260729_103926(0).jpg,20260729_103927.jpg,0
20260729_103926.jpg,20260729_103927(0).jpg,6
20260729_103926.jpg,20260729_103928.jpg,6
20260729_103927(0).jpg,20260729_103928.jpg,0
20260729_103929(0).jpg,20260729_103929.jpg,4
20260729_103929(0).jpg,20260729_103930.jpg,4
20260729_103929.jpg,20260729_103930.jpg,4
20260729_103930(0).jpg,20260729_103931(0).jpg,4
20260729_103930(0).jpg,20260729_103931.jpg,6
20260729_103931(0).jpg,20260729_103931.jpg,2
20260729_103933(0).jpg,20260729_103933.jpg,6
20260729_103936.jpg,20260729_103937.jpg,2
20260729_103939.jpg,20260729_103940.jpg,4
20260729_103939.jpg,20260729_103943.jpg,4
20260729_103941(0).jpg,20260729_103942.jpg,6
20260729_103945(0).jpg,20260729_103945.jpg,4
20260729_103947.jpg,20260729_103948.jpg,4
20260729_103950.jpg,20260729_103951.jpg,4
20260729_103952(0).jpg,20260729_103953.jpg,6
20260729_103953(0).jpg,20260729_103953.jpg,4
