scene_group,filename,annotation_status,split
scene-0001,20260729_092357.jpg,UNLABELED,unlabeled_pool
scene-0001,20260729_092359.jpg,UNLABELED,unlabeled_pool
scene-0001,20260729_092400.jpg,UNLABELED,unlabeled_pool
scene-0001,20260729_092402.jpg,UNLABELED,unlabeled_pool
scene-0001,20260729_092403.jpg,UNLABELED,unlabeled_pool
scene-0001,20260729_092404.jpg,UNLABELED,unlabeled_pool
scene-0002,20260729_092409.jpg,UNLABELED,unlabeled_pool
scene-0003,20260729_092430.jpg,UNLABELED,unlabeled_pool
scene-0003,20260729_092431.jpg,UNLABELED,unlabeled_pool
scene-0003,20260729_092432(0).jpg,OWNER_ACCEPTED,validation
scene-0003,20260729_092432.jpg,UNLABELED,unlabeled_pool
scene-0003,20260729_092433.jpg,UNLABELED,unlabeled_pool
scene-0003,20260729_092434.jpg,OWNER_ACCEPTED,validation
scene-0003,20260729_092435.jpg,UNLABELED,unlabeled_pool
scene-0003,20260729_092436(0).jpg,UNLABELED,unlabeled_pool
scene-0003,20260729_092436.jpg,UNLABELED,unlabeled_pool
scene-0003,20260729_092437.jpg,OWNER_ACCEPTED,validation
scene-0003,20260729_092438.jpg,OWNER_ACCEPTED,validation
scene-0003,20260729_092439.jpg,UNLABELED,unlabeled_pool
scene-0003,20260729_092440.jpg,UNLABELED,unlabeled_pool
scene-0003,20260729_092441.jpg,OWNER_ACCEPTED,validation
scene-0003,20260729_092442.jpg,UNLABELED,unlabeled_pool
scene-0003,20260729_092443.jpg,UNLABELED,unlabeled_pool
scene-0003,20260729_092444.jpg,OWNER_ACCEPTED,validation
scene-0003,20260729_092446(0).jpg,OWNER_ACCEPTED,validation
scene-0003,20260729_092446.jpg,UNLABELED,unlabeled_pool
scene-0003,20260729_092447.jpg,OWNER_ACCEPTED,validation
scene-0003,20260729_092448(0).jpg,UNLABELED,unlabeled_pool
scene-0003,20260729_092448.jpg,UNLABELED,unlabeled_pool
scene-0003,20260729_092449.jpg,OWNER_ACCEPTED,validation
scene-0004,20260729_092508.jpg,UNLABELED,unlabeled_pool
scene-0004,20260729_092509.jpg,UNLABELED,unlabeled_pool
scene-0005,20260729_092516.jpg,OWNER_ACCEPTED,train
scene-0006,20260729_092521.jpg,UNLABELED,unlabeled_pool
scene-0006,20260729_092524.jpg,UNLABELED,unlabeled_pool
scene-0007,20260729_092528.jpg,UNLABELED,unlabeled_pool
scene-0008,20260729_092532.jpg,UNLABELED,unlabeled_pool
scene-0009,20260729_092621.jpg,OWNER_ACCEPTED,train
scene-0009,20260729_092622.jpg,OWNER_ACCEPTED,train
scene-0009,20260729_092623.jpg,UNLABELED,unlabeled_pool
scene-0010,20260729_092642.jpg,UNLABELED,unlabeled_pool
scene-0010,20260729_092643.jpg,UNLABELED,unlabeled_pool
scene-0010,20260729_092644.jpg,OWNER_ACCEPTED,train
scene-0010,20260729_092646.jpg,UNLABELED,unlabeled_pool
scene-0010,20260729_092648.jpg,UNLABELED,unlabeled_pool
scene-0011,20260729_095123.jpg,UNLABELED,unlabeled_pool
scene-0011,20260729_095125.jpg,UNLABELED,unlabeled_pool
scene-0011,20260729_095126.jpg,UNLABELED,unlabeled_pool
scene-0011,20260729_095127.jpg,UNLABELED,unlabeled_pool
scene-0011,20260729_095128.jpg,UNLABELED,unlabeled_pool
scene-0011,20260729_095129.jpg,UNLABELED,unlabeled_pool
scene-0011,20260729_095131.jpg,UNLABELED,unlabeled_pool
scene-0011,20260729_095132.jpg,UNLABELED,unlabeled_pool
scene-0011,20260729_095133.jpg,UNLABELED,unlabeled_pool
scene-0011,20260729_095134.jpg,OWNER_ACCEPTED,train
scene-0011,20260729_095135.jpg,UNLABELED,unlabeled_pool
scene-0011,20260729_095136(0).jpg,OWNER_ACCEPTED,train
scene-0011,20260729_095136(1).jpg,UNLABELED,unlabeled_pool
scene-0011,20260729_095136.jpg,UNLABELED,unlabeled_pool
scene-0011,20260729_095137(0).jpg,UNLABELED,unlabeled_pool
scene-0011,20260729_095137.jpg,UNLABELED,unlabeled_pool
scene-0011,20260729_095138(0).jpg,UNLABELED,unlabeled_pool
scene-0011,20260729_095138(1).jpg,UNLABELED,unlabeled_pool
scene-0011,20260729_095138.jpg,UNLABELED,unlabeled_pool
scene-0011,20260729_095139(0).jpg,OWNER_ACCEPTED,train
scene-0011,20260729_095139.jpg,UNLABELED,unlabeled_pool
scene-0011,20260729_095140(0).jpg,UNLABELED,unlabeled_pool
scene-0011,20260729_095140(1).jpg,UNLABELED,unlabeled_pool
scene-0011,20260729_095140.jpg,UNLABELED,unlabeled_pool
scene-0011,20260729_095141(0).jpg,UNLABELED,unlabeled_pool
scene-0011,20260729_095141.jpg,UNLABELED,unlabeled_pool
scene-0011,20260729_095143.jpg,UNLABELED,unlabeled_pool
scene-0011,20260729_095144(0).jpg,OWNER_ACCEPTED,train
scene-0011,20260729_095144.jpg,UNLABELED,unlabeled_pool
scene-0011,20260729_095145(0).jpg,UNLABELED,unlabeled_pool
scene-0011,20260729_095145.jpg,UNLABELED,unlabeled_pool
scene-0011,20260729_095146(0).jpg,UNLABELED,unlabeled_pool
scene-0011,20260729_095146.jpg,UNLABELED,unlabeled_pool
scene-0011,20260729_095147(0).jpg,UNLABELED,unlabeled_pool
scene-0011,20260729_095147.jpg,UNLABELED,unlabeled_pool
scene-0012,20260729_095154.jpg,UNLABELED,unlabeled_pool
scene-0012,20260729_095155.jpg,UNLABELED,unlabeled_pool
scene-0012,20260729_095156(0).jpg,UNLABELED,unlabeled_pool
scene-0012,20260729_095156.jpg,UNLABELED,unlabeled_pool
scene-0012,20260729_095157.jpg,UNLABELED,unlabeled_pool
scene-0012,20260729_095158(0).jpg,UNLABELED,unlabeled_pool
scene-0012,20260729_095158.jpg,UNLABELED,unlabeled_pool
scene-0012,20260729_095159.jpg,UNLABELED,unlabeled_pool
scene-0012,20260729_095200.jpg,UNLABELED,unlabeled_pool
scene-0012,20260729_095201(0).jpg,UNLABELED,unlabeled_pool
scene-0012,20260729_095201.jpg,UNLABELED,unlabeled_pool
scene-0012,20260729_095202.jpg,UNLABELED,unlabeled_pool
scene-0012,20260729_095203.jpg,UNLABELED,unlabeled_pool
scene-0012,20260729_095204.jpg,UNLABELED,unlabeled_pool
scene-0012,20260729_095205.jpg,UNLABELED,unlabeled_pool
scene-0012,20260729_095206(0).jpg,UNLABELED,unlabeled_pool
scene-0012,20260729_095206.jpg,UNLABELED,unlabeled_pool
scene-0012,20260729_095207.jpg,UNLABELED,unlabeled_pool
scene-0012,20260729_095208(0).jpg,UNLABELED,unlabeled_pool
scene-0012,20260729_095208.jpg,UNLABELED,unlabeled_pool
scene-0013,20260729_095312.jpg,UNLABELED,unlabeled_pool
scene-0013,20260729_095313(0).jpg,UNLABELED,unlabeled_pool
scene-0013,20260729_095313.jpg,UNLABELED,unlabeled_pool
scene-0013,20260729_095314(0).jpg,UNLABELED,unlabeled_pool
scene-0013,20260729_095314.jpg,UNLABELED,unlabeled_pool
scene-0013,20260729_095316(0).jpg,UNLABELED,unlabeled_pool
scene-0013,20260729_095317(0).jpg,UNLABELED,unlabeled_pool
scene-0013,20260729_095317.jpg,UNLABELED,unlabeled_pool
scene-0013,20260729_095318.jpg,UNLABELED,unlabeled_pool
scene-0013,20260729_095319(0).jpg,UNLABELED,unlabeled_pool
scene-0013,20260729_095319(1).jpg,UNLABELED,unlabeled_pool
scene-0013,20260729_095319.jpg,UNLABELED,unlabeled_pool
scene-0013,20260729_095320.jpg,UNLABELED,unlabeled_pool
scene-0013,20260729_095321.jpg,UNLABELED,unlabeled_pool
scene-0013,20260729_095322(0).jpg,OWNER_ACCEPTED,test
scene-0013,20260729_095322.jpg,UNLABELED,unlabeled_pool
scene-0013,20260729_095323(0).jpg,UNLABELED,unlabeled_pool
scene-0013,20260729_095323.jpg,UNLABELED,unlabeled_pool
scene-0014,20260729_095327.jpg,UNLABELED,unlabeled_pool
scene-0014,20260729_095328.jpg,OWNER_ACCEPTED,train
scene-0014,20260729_095329.jpg,OWNER_ACCEPTED,train
scene-0014,20260729_095330(0).jpg,OWNER_ACCEPTED,train
scene-0014,20260729_095330.jpg,UNLABELED,unlabeled_pool
scene-0014,20260729_095331(0).jpg,UNLABELED,unlabeled_pool
scene-0014,20260729_095331.jpg,UNLABELED,unlabeled_pool
scene-0014,20260729_095332(0).jpg,UNLABELED,unlabeled_pool
scene-0014,20260729_095332.jpg,UNLABELED,unlabeled_pool
scene-0014,20260729_095333(0).jpg,UNLABELED,unlabeled_pool
scene-0014,20260729_095333.jpg,UNLABELED,unlabeled_pool
scene-0014,20260729_095334.jpg,UNLABELED,unlabeled_pool
scene-0014,20260729_095335(0).jpg,UNLABELED,unlabeled_pool
scene-0014,20260729_095335.jpg,UNLABELED,unlabeled_pool
scene-0014,20260729_095336(0).jpg,UNLABELED,unlabeled_pool
scene-0014,20260729_095336.jpg,UNLABELED,unlabeled_pool
scene-0014,20260729_095337(0).jpg,UNLABELED,unlabeled_pool
scene-0014,20260729_095337.jpg,UNLABELED,unlabeled_pool
scene-0014,20260729_095338(0).jpg,UNLABELED,unlabeled_pool
scene-0014,20260729_095338.jpg,UNLABELED,unlabeled_pool
scene-0014,20260729_095339(0).jpg,UNLABELED,unlabeled_pool
scene-0014,20260729_095339.jpg,UNLABELED,unlabeled_pool
scene-0014,20260729_095340.jpg,OWNER_ACCEPTED,train
scene-0014,20260729_095341.jpg,OWNER_ACCEPTED,train
scene-0014,20260729_095342(0).jpg,UNLABELED,unlabeled_pool
scene-0014,20260729_095342.jpg,UNLABELED,unlabeled_pool
scene-0014,20260729_095343.jpg,UNLABELED,unlabeled_pool
scene-0014,20260729_095344.jpg,OWNER_ACCEPTED,train
scene-0014,20260729_095345(0).jpg,UNLABELED,unlabeled_pool
scene-0014,20260729_095345.jpg,UNLABELED,unlabeled_pool
scene-0014,20260729_095346.jpg,UNLABELED,unlabeled_pool
scene-0014,20260729_095347(0).jpg,OWNER_ACCEPTED,train
scene-0014,20260729_095347.jpg,UNLABELED,unlabeled_pool
scene-0014,20260729_095348.jpg,UNLABELED,unlabeled_pool
scene-0014,20260729_095349(0).jpg,UNLABELED,unlabeled_pool
scene-0014,20260729_095349.jpg,UNLABELED,unlabeled_pool
scene-0014,20260729_095350.jpg,UNLABELED,unlabeled_pool
scene-0014,20260729_095352.jpg,UNLABELED,unlabeled_pool
scene-0014,20260729_095354.jpg,OWNER_ACCEPTED,train
scene-0014,20260729_095355.jpg,UNLABELED,unlabeled_pool
scene-0014,20260729_095356(0).jpg,UNLABELED,unlabeled_pool
scene-0014,20260729_095356.jpg,UNLABELED,unlabeled_pool
scene-0014,20260729_095357(0).jpg,UNLABELED,unlabeled_pool
scene-0014,20260729_095357.jpg,UNLABELED,unlabeled_pool
scene-0014,20260729_095358.jpg,UNLABELED,unlabeled_pool
scene-0014,20260729_095359(0).jpg,UNLABELED,unlabeled_pool
scene-0014,20260729_095359.jpg,UNLABELED,unlabeled_pool
scene-0014,20260729_095400.jpg,OWNER_ACCEPTED,train
scene-0014,20260729_095401.jpg,UNLABELED,unlabeled_pool
scene-0014,20260729_095402(0).jpg,UNLABELED,unlabeled_pool
scene-0014,20260729_095402.jpg,UNLABELED,unlabeled_pool
scene-0014,20260729_095403(0).jpg,UNLABELED,unlabeled_pool
scene-0014,20260729_095403.jpg,UNLABELED,unlabeled_pool
scene-0014,20260729_095404.jpg,UNLABELED,unlabeled_pool
scene-0014,20260729_095405(0).jpg,UNLABELED,unlabeled_pool
scene-0014,20260729_095405.jpg,UNLABELED,unlabeled_pool
scene-0014,20260729_095406.jpg,UNLABELED,unlabeled_pool
scene-0014,20260729_095407.jpg,UNLABELED,unlabeled_pool
scene-0014,20260729_095408(0).jpg,UNLABELED,unlabeled_pool
scene-0014,20260729_095408.jpg,UNLABELED,unlabeled_pool
scene-0014,20260729_095409(0).jpg,UNLABELED,unlabeled_pool
scene-0014,20260729_095409.jpg,UNLABELED,unlabeled_pool
scene-0014,20260729_095410(0).jpg,OWNER_ACCEPTED,train
scene-0014,20260729_095410.jpg,UNLABELED,unlabeled_pool
scene-0014,20260729_095411.jpg,UNLABELED,unlabeled_pool
scene-0014,20260729_095412(0).jpg,UNLABELED,unlabeled_pool
scene-0014,20260729_095412.jpg,UNLABELED,unlabeled_pool
scene-0014,20260729_095413.jpg,UNLABELED,unlabeled_pool
scene-0015,20260729_095501.jpg,UNLABELED,unlabeled_pool
scene-0016,20260729_095506(0).jpg,UNLABELED,unlabeled_pool
scene-0016,20260729_095506.jpg,UNLABELED,unlabeled_pool
scene-0016,20260729_095507.jpg,UNLABELED,unlabeled_pool
scene-0016,20260729_095508.jpg,UNLABELED,unlabeled_pool
scene-0016,20260729_095509(0).jpg,UNLABELED,unlabeled_pool
scene-0016,20260729_095509.jpg,UNLABELED,unlabeled_pool
scene-0016,20260729_095510.jpg,UNLABELED,unlabeled_pool
scene-0016,20260729_095511.jpg,UNLABELED,unlabeled_pool
scene-0016,20260729_095512(0).jpg,OWNER_ACCEPTED,train
scene-0016,20260729_095513(0).jpg,OWNER_ACCEPTED,train
scene-0016,20260729_095513.jpg,UNLABELED,unlabeled_pool
scene-0016,20260729_095514.jpg,UNLABELED,unlabeled_pool
scene-0016,20260729_095515(0).jpg,UNLABELED,unlabeled_pool
scene-0016,20260729_095515.jpg,UNLABELED,unlabeled_pool
scene-0016,20260729_095516(0).jpg,OWNER_ACCEPTED,train
scene-0016,20260729_095516.jpg,UNLABELED,unlabeled_pool
scene-0016,20260729_095517(0).jpg,UNLABELED,unlabeled_pool
scene-0016,20260729_095517.jpg,UNLABELED,unlabeled_pool
scene-0016,20260729_095518(0).jpg,UNLABELED,unlabeled_pool
scene-0016,20260729_095518.jpg,UNLABELED,unlabeled_pool
scene-0016,20260729_095519.jpg,UNLABELED,unlabeled_pool
scene-0016,20260729_095520(0).jpg,UNLABELED,unlabeled_pool
scene-0016,20260729_095520.jpg,UNLABELED,unlabeled_pool
scene-0016,20260729_095521(0).jpg,UNLABELED,unlabeled_pool
scene-0016,20260729_095521.jpg,UNLABELED,unlabeled_pool
scene-0016,20260729_095522(0).jpg,UNLABELED,unlabeled_pool
scene-0016,20260729_095522.jpg,UNLABELED,unlabeled_pool
scene-0016,20260729_095523.jpg,UNLABELED,unlabeled_pool
scene-0016,20260729_095524(0).jpg,UNLABELED,unlabeled_pool
scene-0016,20260729_095524.jpg,UNLABELED,unlabeled_pool
scene-0016,20260729_095525(0).jpg,OWNER_ACCEPTED,train
scene-0016,20260729_095525.jpg,UNLABELED,unlabeled_pool
scene-0016,20260729_095526(0).jpg,UNLABELED,unlabeled_pool
scene-0016,20260729_095526(1).jpg,UNLABELED,unlabeled_pool
scene-0016,20260729_095526.jpg,UNLABELED,unlabeled_pool
scene-0016,20260729_095527.jpg,OWNER_ACCEPTED,train
scene-0016,20260729_095528(0).jpg,UNLABELED,unlabeled_pool
scene-0016,20260729_095528(1).jpg,UNLABELED,unlabeled_pool
scene-0016,20260729_095528.jpg,UNLABELED,unlabeled_pool
scene-0016,20260729_095529(0).jpg,OWNER_ACCEPTED,train
scene-0016,20260729_095529.jpg,UNLABELED,unlabeled_pool
scene-0016,20260729_095530(0).jpg,UNLABELED,unlabeled_pool
scene-0016,20260729_095530(1).jpg,UNLABELED,unlabeled_pool
scene-0016,20260729_095530.jpg,UNLABELED,unlabeled_pool
scene-0016,20260729_095531(0).jpg,UNLABELED,unlabeled_pool
scene-0016,20260729_095531(1).jpg,UNLABELED,unlabeled_pool
scene-0016,20260729_095531.jpg,UNLABELED,unlabeled_pool
scene-0016,20260729_095532(0).jpg,UNLABELED,unlabeled_pool
scene-0016,20260729_095532.jpg,UNLABELED,unlabeled_pool
scene-0016,20260729_095533(0).jpg,UNLABELED,unlabeled_pool
scene-0016,20260729_095533.jpg,UNLABELED,unlabeled_pool
scene-0016,20260729_095534.jpg,UNLABELED,unlabeled_pool
scene-0016,20260729_095535(0).jpg,UNLABELED,unlabeled_pool
scene-0016,20260729_095535.jpg,UNLABELED,unlabeled_pool
scene-0017,20260729_095539.jpg,UNLABELED,unlabeled_pool
scene-0017,20260729_095542.jpg,UNLABELED,unlabeled_pool
scene-0017,20260729_095543(0).jpg,UNLABELED,unlabeled_pool
scene-0017,20260729_095543.jpg,UNLABELED,unlabeled_pool
scene-0017,20260729_095544.jpg,UNLABELED,unlabeled_pool
scene-0017,20260729_095545(0).jpg,UNLABELED,unlabeled_pool
scene-0017,20260729_095545.jpg,UNLABELED,unlabeled_pool
scene-0017,20260729_095546.jpg,UNLABELED,unlabeled_pool
scene-0017,20260729_095547.jpg,UNLABELED,unlabeled_pool
scene-0017,20260729_095550.jpg,UNLABELED,unlabeled_pool
scene-0017,20260729_095552.jpg,UNLABELED,unlabeled_pool
scene-0017,20260729_095553.jpg,UNLABELED,unlabeled_pool
scene-0018,20260729_095558.jpg,UNLABELED,unlabeled_pool
scene-0018,20260729_095601.jpg,UNLABELED,unlabeled_pool
scene-0018,20260729_095602(0).jpg,UNLABELED,unlabeled_pool
scene-0018,20260729_095602.jpg,UNLABELED,unlabeled_pool
scene-0018,20260729_095603.jpg,UNLABELED,unlabeled_pool
scene-0019,20260729_095636.jpg,UNLABELED,unlabeled_pool
scene-0019,20260729_095637.jpg,UNLABELED,unlabeled_pool
scene-0019,20260729_095638.jpg,UNLABELED,unlabeled_pool
scene-0019,20260729_095641.jpg,UNLABELED,unlabeled_pool
scene-0019,20260729_095642(0).jpg,UNLABELED,unlabeled_pool
scene-0019,20260729_095642.jpg,UNLABELED,unlabeled_pool
scene-0019,20260729_095643.jpg,UNLABELED,unlabeled_pool
scene-0019,20260729_095644.jpg,UNLABELED,unlabeled_pool
scene-0020,20260729_095843.jpg,UNLABELED,unlabeled_pool
scene-0020,20260729_095844.jpg,UNLABELED,unlabeled_pool
scene-0020,20260729_095845(0).jpg,UNLABELED,unlabeled_pool
scene-0020,20260729_095845(1).jpg,UNLABELED,unlabeled_pool
scene-0020,20260729_095845.jpg,UNLABELED,unlabeled_pool
scene-0020,20260729_095846(0).jpg,OWNER_ACCEPTED,train
scene-0020,20260729_095846.jpg,UNLABELED,unlabeled_pool
scene-0021,20260729_100056.jpg,UNLABELED,unlabeled_pool
scene-0021,20260729_100057.jpg,OWNER_ACCEPTED,train
scene-0021,20260729_100058.jpg,OWNER_ACCEPTED,train
scene-0022,20260729_102154.jpg,UNLABELED,unlabeled_pool
scene-0022,20260729_102155.jpg,UNLABELED,unlabeled_pool
scene-0022,20260729_102156(0).jpg,UNLABELED,unlabeled_pool
scene-0022,20260729_102156.jpg,UNLABELED,unlabeled_pool
scene-0022,20260729_102157.jpg,OWNER_ACCEPTED,train
scene-0022,20260729_102158.jpg,UNLABELED,unlabeled_pool
scene-0022,20260729_102159(0).jpg,UNLABELED,unlabeled_pool
scene-0022,20260729_102159.jpg,UNLABELED,unlabeled_pool
scene-0022,20260729_102200(0).jpg,UNLABELED,unlabeled_pool
scene-0022,20260729_102200.jpg,UNLABELED,unlabeled_pool
scene-0022,20260729_102201.jpg,UNLABELED,unlabeled_pool
scene-0022,20260729_102202.jpg,UNLABELED,unlabeled_pool
scene-0022,20260729_102204.jpg,OWNER_ACCEPTED,train
scene-0022,20260729_102205.jpg,UNLABELED,unlabeled_pool
scene-0022,20260729_102207.jpg,UNLABELED,unlabeled_pool
scene-0022,20260729_102208.jpg,UNLABELED,unlabeled_pool
scene-0022,20260729_102209.jpg,UNLABELED,unlabeled_pool
scene-0023,20260729_102223.jpg,UNLABELED,unlabeled_pool
scene-0023,20260729_102225.jpg,UNLABELED,unlabeled_pool
scene-0023,20260729_102226.jpg,UNLABELED,unlabeled_pool
scene-0023,20260729_102227(0).jpg,UNLABELED,unlabeled_pool
scene-0023,20260729_102227.jpg,UNLABELED,unlabeled_pool
scene-0023,20260729_102228.jpg,UNLABELED,unlabeled_pool
scene-0023,20260729_102229(0).jpg,OWNER_ACCEPTED,train
scene-0023,20260729_102229.jpg,UNLABELED,unlabeled_pool
scene-0023,20260729_102230(0).jpg,OWNER_ACCEPTED,train
scene-0023,20260729_102230.jpg,UNLABELED,unlabeled_pool
scene-0023,20260729_102232.jpg,UNLABELED,unlabeled_pool
scene-0023,20260729_102233.jpg,UNLABELED,unlabeled_pool
scene-0024,20260729_102253.jpg,OWNER_ACCEPTED,train
scene-0024,20260729_102254.jpg,UNLABELED,unlabeled_pool
scene-0024,20260729_102255.jpg,UNLABELED,unlabeled_pool
scene-0024,20260729_102256(0).jpg,UNLABELED,unlabeled_pool
scene-0024,20260729_102256.jpg,UNLABELED,unlabeled_pool
scene-0024,20260729_102257.jpg,UNLABELED,unlabeled_pool
scene-0024,20260729_102258.jpg,OWNER_ACCEPTED,train
scene-0024,20260729_102259(0).jpg,UNLABELED,unlabeled_pool
scene-0024,20260729_102259.jpg,UNLABELED,unlabeled_pool
scene-0024,20260729_102300(0).jpg,UNLABELED,unlabeled_pool
scene-0024,20260729_102301.jpg,UNLABELED,unlabeled_pool
scene-0024,20260729_102302(0).jpg,OWNER_ACCEPTED,train
scene-0024,20260729_102302.jpg,UNLABELED,unlabeled_pool
scene-0024,20260729_102303.jpg,UNLABELED,unlabeled_pool
scene-0024,20260729_102304(0).jpg,UNLABELED,unlabeled_pool
scene-0024,20260729_102304.jpg,UNLABELED,unlabeled_pool
scene-0025,20260729_102321.jpg,OWNER_ACCEPTED,train
scene-0026,20260729_102330.jpg,UNLABELED,unlabeled_pool
scene-0027,20260729_102428.jpg,UNLABELED,unlabeled_pool
scene-0027,20260729_102430.jpg,UNLABELED,unlabeled_pool
scene-0027,20260729_102432.jpg,OWNER_ACCEPTED,test
scene-0027,20260729_102433.jpg,UNLABELED,unlabeled_pool
scene-0027,20260729_102436.jpg,UNLABELED,unlabeled_pool
scene-0027,20260729_102438.jpg,UNLABELED,unlabeled_pool
scene-0027,20260729_102439(0).jpg,OWNER_ACCEPTED,test
scene-0027,20260729_102439.jpg,UNLABELED,unlabeled_pool
scene-0027,20260729_102440.jpg,UNLABELED,unlabeled_pool
scene-0027,20260729_102441.jpg,UNLABELED,unlabeled_pool
scene-0027,20260729_102442.jpg,UNLABELED,unlabeled_pool
scene-0027,20260729_102443.jpg,UNLABELED,unlabeled_pool
scene-0027,20260729_102444(0).jpg,OWNER_ACCEPTED,test
scene-0027,20260729_102444.jpg,UNLABELED,unlabeled_pool
scene-0027,20260729_102445.jpg,OWNER_ACCEPTED,test
scene-0027,20260729_102446.jpg,OWNER_ACCEPTED,test
scene-0027,20260729_102447.jpg,OWNER_ACCEPTED,test
scene-0027,20260729_102448.jpg,UNLABELED,unlabeled_pool
scene-0027,20260729_102449.jpg,UNLABELED,unlabeled_pool
scene-0027,20260729_102451.jpg,UNLABELED,unlabeled_pool
scene-0027,20260729_102452.jpg,UNLABELED,unlabeled_pool
scene-0027,20260729_102453.jpg,UNLABELED,unlabeled_pool
scene-0027,20260729_102454.jpg,UNLABELED,unlabeled_pool
scene-0027,20260729_102455.jpg,UNLABELED,unlabeled_pool
scene-0027,20260729_102456.jpg,UNLABELED,unlabeled_pool
scene-0027,20260729_102457.jpg,UNLABELED,unlabeled_pool
scene-0028,20260729_102502.jpg,UNLABELED,unlabeled_pool
scene-0028,20260729_102503.jpg,UNLABELED,unlabeled_pool
scene-0028,20260729_102504.jpg,UNLABELED,unlabeled_pool
scene-0028,20260729_102505.jpg,UNLABELED,unlabeled_pool
scene-0028,20260729_102506.jpg,UNLABELED,unlabeled_pool
scene-0028,20260729_102507.jpg,UNLABELED,unlabeled_pool
scene-0028,20260729_102508.jpg,UNLABELED,unlabeled_pool
scene-0028,20260729_102509.jpg,OWNER_ACCEPTED,validation
scene-0028,20260729_102510.jpg,UNLABELED,unlabeled_pool
scene-0028,20260729_102511(0).jpg,UNLABELED,unlabeled_pool
scene-0028,20260729_102511.jpg,UNLABELED,unlabeled_pool
scene-0029,20260729_102539.jpg,UNLABELED,unlabeled_pool
scene-0029,20260729_102540.jpg,UNLABELED,unlabeled_pool
scene-0029,20260729_102541.jpg,UNLABELED,unlabeled_pool
scene-0029,20260729_102543.jpg,UNLABELED,unlabeled_pool
scene-0030,20260729_102612.jpg,UNLABELED,unlabeled_pool
scene-0030,20260729_102615.jpg,UNLABELED,unlabeled_pool
scene-0031,20260729_102620.jpg,UNLABELED,unlabeled_pool
scene-0031,20260729_102621.jpg,UNLABELED,unlabeled_pool
scene-0032,20260729_102758.jpg,UNLABELED,unlabeled_pool
scene-0032,20260729_102759(0).jpg,UNLABELED,unlabeled_pool
scene-0032,20260729_102801(0).jpg,UNLABELED,unlabeled_pool
scene-0032,20260729_102801.jpg,UNLABELED,unlabeled_pool
scene-0032,20260729_102802.jpg,UNLABELED,unlabeled_pool
scene-0032,20260729_102803.jpg,UNLABELED,unlabeled_pool
scene-0032,20260729_102804(0).jpg,UNLABELED,unlabeled_pool
scene-0032,20260729_102804.jpg,UNLABELED,unlabeled_pool
scene-0032,20260729_102805.jpg,UNLABELED,unlabeled_pool
scene-0032,20260729_102806(0).jpg,UNLABELED,unlabeled_pool
scene-0032,20260729_102806.jpg,UNLABELED,unlabeled_pool
scene-0032,20260729_102807(0).jpg,UNLABELED,unlabeled_pool
scene-0032,20260729_102807.jpg,UNLABELED,unlabeled_pool
scene-0032,20260729_102808(0).jpg,UNLABELED,unlabeled_pool
scene-0032,20260729_102808.jpg,UNLABELED,unlabeled_pool
scene-0032,20260729_102809(0).jpg,UNLABELED,unlabeled_pool
scene-0032,20260729_102809.jpg,UNLABELED,unlabeled_pool
scene-0033,20260729_102824.jpg,UNLABELED,unlabeled_pool
scene-0033,20260729_102825(0).jpg,UNLABELED,unlabeled_pool
scene-0033,20260729_102825.jpg,UNLABELED,unlabeled_pool
scene-0033,20260729_102826(0).jpg,UNLABELED,unlabeled_pool
scene-0033,20260729_102826.jpg,UNLABELED,unlabeled_pool
scene-0033,20260729_102827(0).jpg,UNLABELED,unlabeled_pool
scene-0033,20260729_102827.jpg,UNLABELED,unlabeled_pool
scene-0033,20260729_102828(0).jpg,UNLABELED,unlabeled_pool
scene-0033,20260729_102828.jpg,UNLABELED,unlabeled_pool
scene-0033,20260729_102829(0).jpg,UNLABELED,unlabeled_pool
scene-0033,20260729_102829.jpg,UNLABELED,unlabeled_pool
scene-0033,20260729_102830.jpg,UNLABELED,unlabeled_pool
scene-0033,20260729_102831.jpg,UNLABELED,unlabeled_pool
scene-0033,20260729_102832.jpg,UNLABELED,unlabeled_pool
scene-0033,20260729_102833.jpg,UNLABELED,unlabeled_pool
scene-0033,20260729_102834.jpg,UNLABELED,unlabeled_pool
scene-0033,20260729_102835(0).jpg,OWNER_ACCEPTED,train
scene-0033,20260729_102835.jpg,UNLABELED,unlabeled_pool
scene-0033,20260729_102836(0).jpg,UNLABELED,unlabeled_pool
scene-0033,20260729_102836.jpg,UNLABELED,unlabeled_pool
scene-0033,20260729_102837.jpg,OWNER_ACCEPTED,train
scene-0033,20260729_102838(0).jpg,UNLABELED,unlabeled_pool
scene-0033,20260729_102838.jpg,UNLABELED,unlabeled_pool
scene-0034,20260729_102849(0).jpg,UNLABELED,unlabeled_pool
scene-0034,20260729_102849.jpg,UNLABELED,unlabeled_pool
scene-0034,20260729_102850.jpg,UNLABELED,unlabeled_pool
scene-0034,20260729_102851(0).jpg,UNLABELED,unlabeled_pool
scene-0034,20260729_102851.jpg,UNLABELED,unlabeled_pool
scene-0034,20260729_102852(0).jpg,UNLABELED,unlabeled_pool
scene-0034,20260729_102852.jpg,UNLABELED,unlabeled_pool
scene-0034,20260729_102853.jpg,UNLABELED,unlabeled_pool
scene-0034,20260729_102854.jpg,UNLABELED,unlabeled_pool
scene-0034,20260729_102855(0).jpg,UNLABELED,unlabeled_pool
scene-0034,20260729_102855.jpg,UNLABELED,unlabeled_pool
scene-0034,20260729_102856.jpg,UNLABELED,unlabeled_pool
scene-0034,20260729_102857(0).jpg,UNLABELED,unlabeled_pool
scene-0034,20260729_102857.jpg,UNLABELED,unlabeled_pool
scene-0034,20260729_102858(0).jpg,UNLABELED,unlabeled_pool
scene-0034,20260729_102858.jpg,UNLABELED,unlabeled_pool
scene-0034,20260729_102859(0).jpg,UNLABELED,unlabeled_pool
scene-0034,20260729_102859.jpg,UNLABELED,unlabeled_pool
scene-0034,20260729_102900(0).jpg,UNLABELED,unlabeled_pool
scene-0034,20260729_102900.jpg,UNLABELED,unlabeled_pool
scene-0034,20260729_102901.jpg,UNLABELED,unlabeled_pool
scene-0034,20260729_102902(0).jpg,UNLABELED,unlabeled_pool
scene-0034,20260729_102902(1).jpg,UNLABELED,unlabeled_pool
scene-0034,20260729_102902.jpg,UNLABELED,unlabeled_pool
scene-0034,20260729_102903(0).jpg,UNLABELED,unlabeled_pool
scene-0034,20260729_102903(1).jpg,UNLABELED,unlabeled_pool
scene-0034,20260729_102903.jpg,UNLABELED,unlabeled_pool
scene-0034,20260729_102904(0).jpg,UNLABELED,unlabeled_pool
scene-0034,20260729_102904(1).jpg,UNLABELED,unlabeled_pool
scene-0034,20260729_102904(2).jpg,UNLABELED,unlabeled_pool
scene-0034,20260729_102904.jpg,UNLABELED,unlabeled_pool
scene-0034,20260729_102905(0).jpg,UNLABELED,unlabeled_pool
scene-0034,20260729_102905(1).jpg,UNLABELED,unlabeled_pool
scene-0034,20260729_102905.jpg,UNLABELED,unlabeled_pool
scene-0034,20260729_102906(0).jpg,UNLABELED,unlabeled_pool
scene-0034,20260729_102906(1).jpg,UNLABELED,unlabeled_pool
scene-0034,20260729_102906(2).jpg,UNLABELED,unlabeled_pool
scene-0034,20260729_102906.jpg,UNLABELED,unlabeled_pool
scene-0034,20260729_102907(0).jpg,UNLABELED,unlabeled_pool
scene-0034,20260729_102907(1).jpg,UNLABELED,unlabeled_pool
scene-0034,20260729_102907.jpg,UNLABELED,unlabeled_pool
scene-0034,20260729_102908(0).jpg,UNLABELED,unlabeled_pool
scene-0034,20260729_102908(1).jpg,UNLABELED,unlabeled_pool
scene-0034,20260729_102908.jpg,UNLABELED,unlabeled_pool
scene-0034,20260729_102911.jpg,UNLABELED,unlabeled_pool
scene-0034,20260729_102912(0).jpg,UNLABELED,unlabeled_pool
scene-0034,20260729_102912.jpg,UNLABELED,unlabeled_pool
scene-0034,20260729_102913(0).jpg,UNLABELED,unlabeled_pool
scene-0034,20260729_102913.jpg,UNLABELED,unlabeled_pool
scene-0034,20260729_102914(0).jpg,UNLABELED,unlabeled_pool
scene-0034,20260729_102914.jpg,UNLABELED,unlabeled_pool
scene-0035,20260729_102919(0).jpg,UNLABELED,unlabeled_pool
scene-0035,20260729_102919.jpg,UNLABELED,unlabeled_pool
scene-0035,20260729_102920.jpg,UNLABELED,unlabeled_pool
scene-0036,20260729_103521.jpg,UNLABELED,unlabeled_pool
scene-0036,20260729_103522.jpg,UNLABELED,unlabeled_pool
scene-0036,20260729_103524.jpg,UNLABELED,unlabeled_pool
scene-0036,20260729_103527.jpg,UNLABELED,unlabeled_pool
scene-0036,20260729_103528.jpg,UNLABELED,unlabeled_pool
scene-0036,20260729_103530.jpg,UNLABELED,unlabeled_pool
scene-0036,20260729_103531(0).jpg,OWNER_ACCEPTED,train
scene-0036,20260729_103531.jpg,UNLABELED,unlabeled_pool
scene-0036,20260729_103532.jpg,UNLABELED,unlabeled_pool
scene-0036,20260729_103533.jpg,UNLABELED,unlabeled_pool
scene-0036,20260729_103535(0).jpg,UNLABELED,unlabeled_pool
scene-0036,20260729_103535.jpg,UNLABELED,unlabeled_pool
scene-0036,20260729_103536(0).jpg,UNLABELED,unlabeled_pool
scene-0036,20260729_103536.jpg,UNLABELED,unlabeled_pool
scene-0036,20260729_103537(0).jpg,UNLABELED,unlabeled_pool
scene-0036,20260729_103537.jpg,UNLABELED,unlabeled_pool
scene-0036,20260729_103540(0).jpg,OWNER_ACCEPTED,train
scene-0036,20260729_103540.jpg,UNLABELED,unlabeled_pool
scene-0036,20260729_103542.jpg,UNLABELED,unlabeled_pool
scene-0036,20260729_103543.jpg,UNLABELED,unlabeled_pool
scene-0036,20260729_103544.jpg,UNLABELED,unlabeled_pool
scene-0037,20260729_103548(0).jpg,UNLABELED,unlabeled_pool
scene-0037,20260729_103548.jpg,UNLABELED,unlabeled_pool
scene-0037,20260729_103549.jpg,UNLABELED,unlabeled_pool
scene-0037,20260729_103550.jpg,UNLABELED,unlabeled_pool
scene-0037,20260729_103551(0).jpg,UNLABELED,unlabeled_pool
scene-0037,20260729_103551.jpg,UNLABELED,unlabeled_pool
scene-0037,20260729_103552.jpg,UNLABELED,unlabeled_pool
scene-0037,20260729_103554.jpg,UNLABELED,unlabeled_pool
scene-0037,20260729_103556.jpg,UNLABELED,unlabeled_pool
scene-0037,20260729_103558.jpg,UNLABELED,unlabeled_pool
scene-0037,20260729_103601.jpg,UNLABELED,unlabeled_pool
scene-0037,20260729_103602(0).jpg,UNLABELED,unlabeled_pool
scene-0037,20260729_103602.jpg,UNLABELED,unlabeled_pool
scene-0038,20260729_103735.jpg,UNLABELED,unlabeled_pool
scene-0038,20260729_103736.jpg,OWNER_ACCEPTED,train
scene-0038,20260729_103738.jpg,UNLABELED,unlabeled_pool
scene-0038,20260729_103739.jpg,UNLABELED,unlabeled_pool
scene-0038,20260729_103741(0).jpg,UNLABELED,unlabeled_pool
scene-0038,20260729_103741.jpg,UNLABELED,unlabeled_pool
scene-0038,20260729_103743(0).jpg,UNLABELED,unlabeled_pool
scene-0038,20260729_103743.jpg,UNLABELED,unlabeled_pool
scene-0038,20260729_103744.jpg,UNLABELED,unlabeled_pool
scene-0038,20260729_103745(0).jpg,UNLABELED,unlabeled_pool
scene-0038,20260729_103745.jpg,UNLABELED,unlabeled_pool
scene-0038,20260729_103746(0).jpg,UNLABELED,unlabeled_pool
scene-0038,20260729_103746.jpg,UNLABELED,unlabeled_pool
scene-0038,20260729_103747(0).jpg,UNLABELED,unlabeled_pool
scene-0038,20260729_103747.jpg,UNLABELED,unlabeled_pool
scene-0038,20260729_103748(0).jpg,UNLABELED,unlabeled_pool
scene-0038,20260729_103748.jpg,UNLABELED,unlabeled_pool
scene-0038,20260729_103749.jpg,UNLABELED,unlabeled_pool
scene-0038,20260729_103750(0).jpg,UNLABELED,unlabeled_pool
scene-0038,20260729_103750(1).jpg,UNLABELED,unlabeled_pool
scene-0038,20260729_103750.jpg,UNLABELED,unlabeled_pool
scene-0038,20260729_103751(0).jpg,UNLABELED,unlabeled_pool
scene-0038,20260729_103751.jpg,UNLABELED,unlabeled_pool
scene-0038,20260729_103752(0).jpg,UNLABELED,unlabeled_pool
scene-0038,20260729_103752.jpg,UNLABELED,unlabeled_pool
scene-0038,20260729_103753(0).jpg,UNLABELED,unlabeled_pool
scene-0038,20260729_103753.jpg,UNLABELED,unlabeled_pool
scene-0038,20260729_103754(0).jpg,OWNER_ACCEPTED,train
scene-0038,20260729_103754.jpg,UNLABELED,unlabeled_pool
scene-0038,20260729_103755(0).jpg,UNLABELED,unlabeled_pool
scene-0038,20260729_103755(1).jpg,UNLABELED,unlabeled_pool
scene-0038,20260729_103755.jpg,UNLABELED,unlabeled_pool
scene-0038,20260729_103756(0).jpg,UNLABELED,unlabeled_pool
scene-0038,20260729_103756.jpg,UNLABELED,unlabeled_pool
scene-0038,20260729_103757(0).jpg,UNLABELED,unlabeled_pool
scene-0038,20260729_103757.jpg,UNLABELED,unlabeled_pool
scene-0038,20260729_103758(0).jpg,UNLABELED,unlabeled_pool
scene-0038,20260729_103758(1).jpg,UNLABELED,unlabeled_pool
scene-0038,20260729_103758.jpg,UNLABELED,unlabeled_pool
scene-0038,20260729_103759(0).jpg,UNLABELED,unlabeled_pool
scene-0038,20260729_103759.jpg,UNLABELED,unlabeled_pool
scene-0038,20260729_103800(0).jpg,UNLABELED,unlabeled_pool
scene-0038,20260729_103800(1).jpg,UNLABELED,unlabeled_pool
scene-0038,20260729_103800.jpg,UNLABELED,unlabeled_pool
scene-0038,20260729_103801(0).jpg,UNLABELED,unlabeled_pool
scene-0038,20260729_103801(1).jpg,UNLABELED,unlabeled_pool
scene-0038,20260729_103801(2).jpg,UNLABELED,unlabeled_pool
scene-0038,20260729_103801.jpg,UNLABELED,unlabeled_pool
scene-0038,20260729_103802(0).jpg,UNLABELED,unlabeled_pool
scene-0038,20260729_103802(2).jpg,UNLABELED,unlabeled_pool
scene-0038,20260729_103802.jpg,UNLABELED,unlabeled_pool
scene-0038,20260729_103803(0).jpg,OWNER_ACCEPTED,train
scene-0038,20260729_103803.jpg,UNLABELED,unlabeled_pool
scene-0038,20260729_103804(0).jpg,UNLABELED,unlabeled_pool
scene-0038,20260729_103804.jpg,UNLABELED,unlabeled_pool
scene-0038,20260729_103805(0).jpg,UNLABELED,unlabeled_pool
scene-0038,20260729_103805.jpg,UNLABELED,unlabeled_pool
scene-0038,20260729_103806.jpg,OWNER_ACCEPTED,train
scene-0038,20260729_103809.jpg,UNLABELED,unlabeled_pool
scene-0038,20260729_103810.jpg,UNLABELED,unlabeled_pool
scene-0038,20260729_103812.jpg,UNLABELED,unlabeled_pool
scene-0038,20260729_103814.jpg,UNLABELED,unlabeled_pool
scene-0038,20260729_103816.jpg,OWNER_ACCEPTED,train
scene-0038,20260729_103817.jpg,OWNER_ACCEPTED,train
scene-0038,20260729_103819.jpg,UNLABELED,unlabeled_pool
scene-0039,20260729_103823.jpg,UNLABELED,unlabeled_pool
scene-0039,20260729_103826.jpg,UNLABELED,unlabeled_pool
scene-0039,20260729_103827.jpg,UNLABELED,unlabeled_pool
scene-0039,20260729_103828.jpg,UNLABELED,unlabeled_pool
scene-0039,20260729_103829.jpg,UNLABELED,unlabeled_pool
scene-0039,20260729_103830.jpg,UNLABELED,unlabeled_pool
scene-0039,20260729_103831.jpg,UNLABELED,unlabeled_pool
scene-0039,20260729_103834.jpg,UNLABELED,unlabeled_pool
scene-0039,20260729_103835.jpg,UNLABELED,unlabeled_pool
scene-0039,20260729_103836.jpg,UNLABELED,unlabeled_pool
scene-0039,20260729_103837.jpg,UNLABELED,unlabeled_pool
scene-0039,20260729_103838.jpg,UNLABELED,unlabeled_pool
scene-0039,20260729_103839(0).jpg,UNLABELED,unlabeled_pool
scene-0039,20260729_103839.jpg,UNLABELED,unlabeled_pool
scene-0040,20260729_103848.jpg,UNLABELED,unlabeled_pool
scene-0040,20260729_103849.jpg,UNLABELED,unlabeled_pool
scene-0040,20260729_103850.jpg,UNLABELED,unlabeled_pool
scene-0040,20260729_103851.jpg,UNLABELED,unlabeled_pool
scene-0040,20260729_103852(0).jpg,UNLABELED,unlabeled_pool
scene-0040,20260729_103852.jpg,UNLABELED,unlabeled_pool
scene-0040,20260729_103853.jpg,UNLABELED,unlabeled_pool
scene-0040,20260729_103854.jpg,UNLABELED,unlabeled_pool
scene-0040,20260729_103855.jpg,UNLABELED,unlabeled_pool
scene-0040,20260729_103856(0).jpg,UNLABELED,unlabeled_pool
scene-0040,20260729_103856.jpg,UNLABELED,unlabeled_pool
scene-0040,20260729_103857.jpg,UNLABELED,unlabeled_pool
scene-0040,20260729_103858(0).jpg,UNLABELED,unlabeled_pool
scene-0040,20260729_103858.jpg,UNLABELED,unlabeled_pool
scene-0040,20260729_103859.jpg,UNLABELED,unlabeled_pool
scene-0040,20260729_103900.jpg,UNLABELED,unlabeled_pool
scene-0040,20260729_103901(0).jpg,UNLABELED,unlabeled_pool
scene-0040,20260729_103901.jpg,UNLABELED,unlabeled_pool
scene-0040,20260729_103902.jpg,UNLABELED,unlabeled_pool
scene-0040,20260729_103905.jpg,UNLABELED,unlabeled_pool
scene-0040,20260729_103906.jpg,UNLABELED,unlabeled_pool
scene-0040,20260729_103907(0).jpg,UNLABELED,unlabeled_pool
scene-0040,20260729_103907.jpg,UNLABELED,unlabeled_pool
scene-0040,20260729_103908.jpg,UNLABELED,unlabeled_pool
scene-0040,20260729_103909(0).jpg,UNLABELED,unlabeled_pool
scene-0040,20260729_103909.jpg,UNLABELED,unlabeled_pool
scene-0040,20260729_103910.jpg,UNLABELED,unlabeled_pool
scene-0040,20260729_103911.jpg,UNLABELED,unlabeled_pool
scene-0041,20260729_103917.jpg,UNLABELED,unlabeled_pool
scene-0041,20260729_103918(0).jpg,UNLABELED,unlabeled_pool
scene-0041,20260729_103918.jpg,UNLABELED,unlabeled_pool
scene-0041,20260729_103919(0).jpg,UNLABELED,unlabeled_pool
scene-0041,20260729_103919.jpg,UNLABELED,unlabeled_pool
scene-0041,20260729_103922.jpg,UNLABELED,unlabeled_pool
scene-0041,20260729_103923(0).jpg,UNLABELED,unlabeled_pool
scene-0041,20260729_103923.jpg,UNLABELED,unlabeled_pool
scene-0041,20260729_103924.jpg,UNLABELED,unlabeled_pool
scene-0041,20260729_103925(0).jpg,UNLABELED,unlabeled_pool
scene-0041,20260729_103925.jpg,UNLABELED,unlabeled_pool
scene-0041,20260729_103926(0).jpg,UNLABELED,unlabeled_pool
scene-0041,20260729_103926.jpg,UNLABELED,unlabeled_pool
scene-0041,20260729_103927(0).jpg,UNLABELED,unlabeled_pool
scene-0041,20260729_103927.jpg,UNLABELED,unlabeled_pool
scene-0041,20260729_103928(0).jpg,UNLABELED,unlabeled_pool
scene-0041,20260729_103928.jpg,UNLABELED,unlabeled_pool
scene-0041,20260729_103929(0).jpg,UNLABELED,unlabeled_pool
scene-0041,20260729_103929.jpg,UNLABELED,unlabeled_pool
scene-0041,20260729_103930(0).jpg,UNLABELED,unlabeled_pool
scene-0041,20260729_103930.jpg,UNLABELED,unlabeled_pool
scene-0041,20260729_103931(0).jpg,UNLABELED,unlabeled_pool
scene-0041,20260729_103931.jpg,UNLABELED,unlabeled_pool
scene-0041,20260729_103932(0).jpg,UNLABELED,unlabeled_pool
scene-0041,20260729_103932.jpg,UNLABELED,unlabeled_pool
scene-0041,20260729_103933(0).jpg,UNLABELED,unlabeled_pool
scene-0041,20260729_103933.jpg,UNLABELED,unlabeled_pool
scene-0041,20260729_103934(0).jpg,UNLABELED,unlabeled_pool
scene-0041,20260729_103934.jpg,UNLABELED,unlabeled_pool
scene-0041,20260729_103935.jpg,UNLABELED,unlabeled_pool
scene-0041,20260729_103936.jpg,UNLABELED,unlabeled_pool
scene-0041,20260729_103937(0).jpg,UNLABELED,unlabeled_pool
scene-0041,20260729_103937.jpg,UNLABELED,unlabeled_pool
scene-0041,20260729_103938(0).jpg,UNLABELED,unlabeled_pool
scene-0041,20260729_103938.jpg,UNLABELED,unlabeled_pool
scene-0041,20260729_103939.jpg,UNLABELED,unlabeled_pool
scene-0041,20260729_103940.jpg,UNLABELED,unlabeled_pool
scene-0041,20260729_103941(0).jpg,UNLABELED,unlabeled_pool
scene-0041,20260729_103942.jpg,UNLABELED,unlabeled_pool
scene-0041,20260729_103943(0).jpg,UNLABELED,unlabeled_pool
scene-0041,20260729_103943.jpg,UNLABELED,unlabeled_pool
scene-0041,20260729_103944(0).jpg,OWNER_ACCEPTED,test
scene-0041,20260729_103944.jpg,UNLABELED,unlabeled_pool
scene-0041,20260729_103945(0).jpg,UNLABELED,unlabeled_pool
scene-0041,20260729_103945.jpg,UNLABELED,unlabeled_pool
scene-0041,20260729_103946(0).jpg,UNLABELED,unlabeled_pool
scene-0041,20260729_103946.jpg,UNLABELED,unlabeled_pool
scene-0041,20260729_103947.jpg,OWNER_ACCEPTED,test
scene-0041,20260729_103948(0).jpg,UNLABELED,unlabeled_pool
scene-0041,20260729_103948.jpg,UNLABELED,unlabeled_pool
scene-0041,20260729_103949(0).jpg,UNLABELED,unlabeled_pool
scene-0041,20260729_103949.jpg,UNLABELED,unlabeled_pool
scene-0041,20260729_103950.jpg,UNLABELED,unlabeled_pool
scene-0041,20260729_103951(0).jpg,UNLABELED,unlabeled_pool
scene-0041,20260729_103951.jpg,UNLABELED,unlabeled_pool
scene-0041,20260729_103952(0).jpg,UNLABELED,unlabeled_pool
scene-0041,20260729_103952.jpg,UNLABELED,unlabeled_pool
scene-0041,20260729_103953(0).jpg,OWNER_ACCEPTED,test
scene-0041,20260729_103953.jpg,UNLABELED,unlabeled_pool
